Id,Gender,Customer Type,Age,Class
13239,Male,Loyal Customer,24,Eco
30609,Male,Loyal Customer,35,Business
115706,Male,Loyal Customer,39,Business
64532,Female,Loyal Customer,56,Business
127023,Female,Loyal Customer,38,Eco
113688,Female,Loyal Customer,58,Business
43267,Female,disloyal Customer,37,Eco
41873,Female,disloyal Customer,29,Business
40280,Female,disloyal Customer,20,Eco
54611,Female,disloyal Customer,37,Eco
77374,Female,Loyal Customer,25,Eco
94704,Female,Loyal Customer,58,Business
76686,Female,Loyal Customer,39,Business
56117,Male,disloyal Customer,29,Eco
68686,Male,Loyal Customer,38,Business
117896,Female,Loyal Customer,48,Business
75760,Female,Loyal Customer,33,Business
90208,Female,Loyal Customer,39,Business
27107,Male,Loyal Customer,52,Eco
87954,Female,Loyal Customer,48,Business
113613,Female,Loyal Customer,46,Business
64370,Female,Loyal Customer,44,Business
37557,Female,Loyal Customer,55,Eco
79303,Male,Loyal Customer,31,Business
123268,Male,Loyal Customer,39,Eco
77069,Female,Loyal Customer,34,Eco
35960,Female,Loyal Customer,48,Eco
97689,Male,Loyal Customer,53,Business
94283,Male,Loyal Customer,53,Business
62916,Male,disloyal Customer,60,Business
122241,Female,Loyal Customer,43,Business
127120,Male,Loyal Customer,53,Business
75970,Male,Loyal Customer,22,Business
57824,Female,disloyal Customer,17,Eco
39747,Male,Loyal Customer,44,Eco
109851,Female,Loyal Customer,55,Business
790,Female,Loyal Customer,30,Eco
58859,Female,disloyal Customer,23,Eco
29646,Male,Loyal Customer,13,Eco
1042,Female,Loyal Customer,23,Eco
57957,Female,disloyal Customer,45,Business
81796,Female,Loyal Customer,30,Business
32311,Female,Loyal Customer,17,Eco
38529,Female,Loyal Customer,18,Eco Plus
55584,Female,disloyal Customer,27,Business
29754,Female,Loyal Customer,49,Eco Plus
22836,Male,Loyal Customer,50,Eco Plus
69900,Female,Loyal Customer,41,Eco
47234,Male,disloyal Customer,23,Eco
80684,Female,Loyal Customer,37,Business
43351,Male,disloyal Customer,37,Business
98773,Female,Loyal Customer,48,Business
43252,Male,disloyal Customer,11,Eco
22322,Male,Loyal Customer,30,Eco
70934,Male,Loyal Customer,52,Business
54969,Female,disloyal Customer,33,Business
109567,Female,Loyal Customer,60,Business
34463,Male,Loyal Customer,39,Business
115388,Female,Loyal Customer,48,Business
92511,Female,Loyal Customer,40,Business
46743,Female,disloyal Customer,66,Eco Plus
9181,Female,Loyal Customer,29,Business
46201,Male,disloyal Customer,27,Business
3816,Male,Loyal Customer,21,Eco
126917,Female,Loyal Customer,39,Business
84383,Female,Loyal Customer,40,Business
21575,Female,Loyal Customer,65,Eco
60189,Male,disloyal Customer,39,Business
109257,Male,Loyal Customer,43,Business
60367,Male,disloyal Customer,54,Eco
119857,Female,Loyal Customer,42,Business
93753,Male,Loyal Customer,40,Business
19193,Male,Loyal Customer,63,Eco
111942,Female,Loyal Customer,54,Business
87814,Male,Loyal Customer,53,Business
94397,Male,Loyal Customer,34,Business
56134,Female,disloyal Customer,59,Business
126543,Male,Loyal Customer,57,Business
62383,Female,disloyal Customer,24,Business
55688,Female,disloyal Customer,22,Eco
84514,Male,Loyal Customer,34,Business
77609,Male,Loyal Customer,40,Eco
10619,Male,Loyal Customer,66,Eco
46409,Female,disloyal Customer,23,Eco
81508,Female,Loyal Customer,57,Eco
68222,Male,Loyal Customer,35,Business
23491,Male,Loyal Customer,33,Eco
48272,Female,disloyal Customer,44,Eco
49731,Male,disloyal Customer,32,Business
80849,Male,Loyal Customer,39,Eco
18810,Male,Loyal Customer,41,Eco Plus
37572,Male,Loyal Customer,59,Eco
89181,Female,Loyal Customer,52,Business
16498,Male,Loyal Customer,52,Business
97919,Male,Loyal Customer,49,Business
69732,Male,Loyal Customer,39,Eco Plus
7608,Male,Loyal Customer,14,Eco
82996,Female,Loyal Customer,42,Eco
39511,Female,Loyal Customer,14,Business
63706,Female,Loyal Customer,31,Business
5511,Female,Loyal Customer,22,Eco
94005,Female,Loyal Customer,60,Business
106355,Female,Loyal Customer,54,Business
97084,Female,Loyal Customer,46,Business
91110,Female,Loyal Customer,47,Business
24772,Male,Loyal Customer,31,Eco
98192,Female,Loyal Customer,53,Business
63244,Male,disloyal Customer,47,Business
95896,Male,Loyal Customer,51,Business
55019,Male,disloyal Customer,32,Eco Plus
99454,Male,Loyal Customer,33,Business
112668,Female,Loyal Customer,49,Eco Plus
47346,Male,disloyal Customer,19,Eco
122639,Female,Loyal Customer,42,Business
15096,Male,Loyal Customer,28,Business
67021,Male,Loyal Customer,48,Eco
120674,Male,Loyal Customer,52,Business
22048,Female,Loyal Customer,27,Eco
61433,Female,disloyal Customer,24,Business
127449,Female,Loyal Customer,57,Business
22421,Male,Loyal Customer,15,Eco Plus
3978,Female,Loyal Customer,19,Eco
106713,Male,Loyal Customer,27,Eco
95502,Male,Loyal Customer,45,Business
41681,Female,disloyal Customer,33,Eco
104757,Female,Loyal Customer,28,Business
74140,Male,Loyal Customer,40,Eco
54477,Female,disloyal Customer,22,Eco
100626,Male,Loyal Customer,48,Business
32510,Male,Loyal Customer,35,Eco
63755,Male,Loyal Customer,42,Business
11349,Female,Loyal Customer,40,Eco
55050,Female,disloyal Customer,30,Business
123215,Male,Loyal Customer,60,Business
106909,Female,Loyal Customer,21,Eco
104672,Female,Loyal Customer,55,Business
14328,Male,Loyal Customer,27,Eco
6401,Male,Loyal Customer,29,Eco
97577,Male,Loyal Customer,60,Business
56632,Female,disloyal Customer,27,Eco
4831,Male,Loyal Customer,31,Eco
9520,Female,Loyal Customer,13,Eco
100179,Male,Loyal Customer,42,Business
46670,Male,disloyal Customer,26,Business
77769,Female,Loyal Customer,51,Business
98968,Female,Loyal Customer,28,Business
58779,Female,disloyal Customer,54,Eco Plus
51970,Male,disloyal Customer,25,Eco
47758,Female,disloyal Customer,23,Eco
49833,Male,disloyal Customer,45,Eco
6015,Male,Loyal Customer,70,Eco Plus
74335,Female,Loyal Customer,38,Eco Plus
46554,Female,disloyal Customer,22,Eco
77024,Female,Loyal Customer,35,Eco
31348,Male,Loyal Customer,49,Eco
57127,Male,disloyal Customer,23,Eco
128898,Female,Loyal Customer,59,Business
6759,Female,Loyal Customer,59,Business
86091,Male,Loyal Customer,33,Business
32280,Male,Loyal Customer,47,Eco Plus
43853,Female,disloyal Customer,52,Eco
70810,Male,Loyal Customer,44,Business
54605,Male,disloyal Customer,17,Eco
68618,Male,Loyal Customer,41,Eco Plus
40164,Male,disloyal Customer,25,Business
106293,Female,Loyal Customer,33,Eco
86886,Male,Loyal Customer,31,Business
93625,Male,Loyal Customer,39,Business
129166,Female,Loyal Customer,40,Business
102306,Male,Loyal Customer,39,Business
23172,Male,Loyal Customer,38,Eco
91146,Male,Loyal Customer,59,Business
110531,Male,Loyal Customer,53,Business
25921,Male,Loyal Customer,24,Eco Plus
37741,Male,Loyal Customer,65,Eco Plus
45513,Male,disloyal Customer,36,Business
18017,Male,Loyal Customer,32,Eco
41735,Female,disloyal Customer,40,Business
100958,Male,Loyal Customer,57,Business
93698,Male,Loyal Customer,54,Eco
104345,Male,Loyal Customer,42,Business
58732,Male,disloyal Customer,21,Business
103588,Female,Loyal Customer,58,Business
120372,Female,Loyal Customer,20,Business
128089,Female,Loyal Customer,52,Business
100855,Male,Loyal Customer,39,Eco
41105,Female,disloyal Customer,22,Eco
83131,Male,Loyal Customer,40,Business
40079,Male,disloyal Customer,22,Business
4283,Male,Loyal Customer,44,Eco
17355,Female,Loyal Customer,33,Eco
25961,Female,Loyal Customer,55,Eco
73523,Female,Loyal Customer,48,Business
56978,Male,disloyal Customer,21,Eco
109987,Male,Loyal Customer,52,Eco
78792,Female,Loyal Customer,46,Eco
78451,Male,Loyal Customer,23,Eco Plus
19167,Male,Loyal Customer,37,Eco
86278,Male,Loyal Customer,42,Business
66277,Male,Loyal Customer,20,Business
46655,Female,disloyal Customer,27,Business
39269,Female,Loyal Customer,63,Eco
475,Female,Loyal Customer,21,Eco Plus
78978,Female,Loyal Customer,23,Business
120030,Male,Loyal Customer,55,Business
59065,Female,disloyal Customer,26,Business
63895,Male,Loyal Customer,21,Business
122357,Female,Loyal Customer,49,Business
75902,Female,Loyal Customer,41,Business
59929,Female,disloyal Customer,23,Business
71273,Male,Loyal Customer,54,Business
105308,Female,Loyal Customer,30,Business
46892,Female,disloyal Customer,41,Eco
117649,Female,Loyal Customer,54,Eco
88686,Female,Loyal Customer,48,Business
54361,Female,disloyal Customer,21,Eco
16971,Male,Loyal Customer,18,Eco
122978,Female,Loyal Customer,44,Business
84845,Female,Loyal Customer,34,Business
102130,Female,Loyal Customer,42,Business
32096,Female,Loyal Customer,64,Eco
61012,Female,disloyal Customer,26,Eco
82235,Male,Loyal Customer,60,Business
111393,Male,Loyal Customer,44,Business
5770,Female,Loyal Customer,43,Eco
42051,Female,disloyal Customer,45,Eco Plus
101266,Female,Loyal Customer,64,Business
13523,Male,Loyal Customer,52,Eco
110217,Female,Loyal Customer,60,Business
81330,Male,Loyal Customer,43,Business
52410,Male,disloyal Customer,37,Business
49080,Female,disloyal Customer,43,Business
78438,Male,Loyal Customer,57,Business
60737,Male,disloyal Customer,37,Business
47533,Male,disloyal Customer,30,Business
79041,Male,Loyal Customer,40,Eco
77962,Male,Loyal Customer,79,Eco
17909,Male,Loyal Customer,49,Eco
97387,Male,Loyal Customer,54,Business
7260,Female,Loyal Customer,23,Eco
32769,Female,Loyal Customer,41,Eco
83406,Male,Loyal Customer,37,Eco Plus
30435,Male,Loyal Customer,21,Eco
6049,Female,Loyal Customer,41,Eco Plus
25863,Male,Loyal Customer,41,Eco
15062,Male,Loyal Customer,36,Eco
75583,Male,Loyal Customer,49,Business
22546,Male,Loyal Customer,13,Eco
91518,Female,Loyal Customer,34,Business
25495,Male,Loyal Customer,37,Eco
117735,Male,Loyal Customer,60,Business
34499,Male,Loyal Customer,36,Eco
117525,Female,Loyal Customer,40,Business
124076,Male,Loyal Customer,44,Business
59414,Female,disloyal Customer,39,Business
123665,Female,Loyal Customer,35,Eco Plus
127149,Male,Loyal Customer,53,Business
21789,Male,Loyal Customer,11,Eco
94631,Female,Loyal Customer,34,Business
53254,Female,disloyal Customer,51,Eco Plus
41793,Male,disloyal Customer,37,Eco Plus
63897,Female,Loyal Customer,43,Business
96087,Male,Loyal Customer,33,Eco Plus
121539,Female,Loyal Customer,51,Eco
87969,Male,Loyal Customer,26,Business
94424,Male,Loyal Customer,52,Business
63891,Female,Loyal Customer,22,Business
6556,Male,Loyal Customer,53,Eco
68645,Female,Loyal Customer,52,Business
13925,Male,Loyal Customer,37,Eco
20516,Male,Loyal Customer,31,Eco
49199,Female,disloyal Customer,27,Business
101268,Male,Loyal Customer,51,Business
31209,Male,Loyal Customer,62,Eco
105614,Male,Loyal Customer,51,Business
9168,Male,Loyal Customer,8,Eco
29979,Female,Loyal Customer,21,Eco
110852,Male,Loyal Customer,33,Business
108139,Male,Loyal Customer,53,Business
101450,Female,Loyal Customer,34,Eco Plus
52594,Male,disloyal Customer,26,Business
2884,Female,Loyal Customer,32,Business
25568,Male,Loyal Customer,38,Eco
70499,Female,Loyal Customer,37,Business
41036,Male,disloyal Customer,25,Eco
101744,Female,Loyal Customer,38,Business
126934,Female,Loyal Customer,58,Business
33817,Female,Loyal Customer,58,Eco
117892,Female,Loyal Customer,34,Business
73862,Male,Loyal Customer,22,Business
122866,Male,Loyal Customer,56,Business
31019,Female,Loyal Customer,10,Eco
80136,Male,Loyal Customer,22,Business
55736,Female,disloyal Customer,29,Eco
87986,Female,Loyal Customer,65,Eco
112753,Male,Loyal Customer,31,Business
10032,Male,Loyal Customer,26,Eco
74157,Female,Loyal Customer,60,Business
75147,Female,Loyal Customer,38,Business
91448,Female,Loyal Customer,29,Business
103618,Male,Loyal Customer,48,Business
22888,Male,Loyal Customer,28,Eco
128589,Female,Loyal Customer,49,Business
105371,Male,Loyal Customer,39,Business
67601,Male,Loyal Customer,49,Business
59328,Male,disloyal Customer,42,Business
19097,Female,Loyal Customer,30,Eco
74465,Male,Loyal Customer,69,Business
27955,Male,Loyal Customer,18,Eco
97104,Male,Loyal Customer,59,Business
3366,Male,Loyal Customer,60,Eco Plus
111608,Female,Loyal Customer,30,Business
56025,Male,disloyal Customer,21,Eco
6859,Male,Loyal Customer,39,Business
67568,Male,Loyal Customer,30,Business
20076,Female,Loyal Customer,57,Eco
49776,Male,disloyal Customer,42,Business
49309,Female,disloyal Customer,37,Eco
119861,Female,Loyal Customer,22,Business
117632,Male,Loyal Customer,41,Business
36776,Female,Loyal Customer,52,Eco
20303,Female,Loyal Customer,54,Business
103224,Male,Loyal Customer,40,Business
102074,Male,Loyal Customer,39,Business
115248,Male,Loyal Customer,48,Business
129837,Female,disloyal Customer,61,Eco
79289,Female,Loyal Customer,62,Business
9953,Female,Loyal Customer,52,Eco
99564,Female,Loyal Customer,51,Business
109943,Male,Loyal Customer,56,Business
87275,Female,Loyal Customer,8,Eco Plus
121306,Male,Loyal Customer,50,Business
44973,Female,disloyal Customer,43,Eco
61899,Male,disloyal Customer,21,Eco
21056,Male,Loyal Customer,70,Eco
102953,Male,Loyal Customer,57,Eco
97401,Female,Loyal Customer,37,Business
124705,Female,Loyal Customer,58,Business
98690,Female,Loyal Customer,50,Eco Plus
6946,Male,Loyal Customer,29,Eco Plus
9847,Male,Loyal Customer,28,Eco Plus
43652,Female,disloyal Customer,39,Eco
49349,Male,disloyal Customer,27,Eco
45520,Male,disloyal Customer,23,Business
106323,Female,Loyal Customer,42,Business
73496,Male,Loyal Customer,46,Eco
121078,Female,Loyal Customer,44,Business
87011,Female,Loyal Customer,53,Business
35080,Female,Loyal Customer,9,Eco
30525,Male,Loyal Customer,47,Eco
95953,Male,Loyal Customer,42,Business
14646,Male,Loyal Customer,35,Eco
13951,Male,Loyal Customer,40,Business
89115,Female,Loyal Customer,33,Business
19882,Male,Loyal Customer,52,Eco
96523,Female,Loyal Customer,49,Business
25218,Female,Loyal Customer,19,Eco
69255,Male,Loyal Customer,64,Eco
99728,Male,Loyal Customer,46,Business
107544,Female,Loyal Customer,43,Business
71395,Female,Loyal Customer,48,Eco
27227,Female,Loyal Customer,70,Eco
42541,Male,disloyal Customer,38,Eco
28339,Male,Loyal Customer,18,Eco
43157,Male,disloyal Customer,27,Business
84131,Male,Loyal Customer,50,Business
25005,Female,Loyal Customer,33,Eco
43981,Female,disloyal Customer,26,Business
86668,Female,Loyal Customer,33,Business
73509,Female,Loyal Customer,31,Business
27123,Female,Loyal Customer,59,Eco
68431,Male,Loyal Customer,30,Business
117759,Male,Loyal Customer,51,Business
89409,Female,Loyal Customer,52,Business
14068,Male,Loyal Customer,38,Eco Plus
45653,Male,disloyal Customer,37,Eco
3327,Female,Loyal Customer,50,Business
34355,Female,Loyal Customer,43,Eco
125495,Male,Loyal Customer,48,Business
16957,Female,Loyal Customer,18,Eco
94492,Male,Loyal Customer,33,Business
102560,Female,Loyal Customer,64,Eco
78610,Female,Loyal Customer,21,Eco
79522,Male,Loyal Customer,15,Eco Plus
92455,Female,Loyal Customer,30,Eco
6538,Male,Loyal Customer,65,Business
128021,Male,Loyal Customer,54,Business
86357,Male,Loyal Customer,55,Eco
5120,Female,Loyal Customer,26,Eco
1975,Female,Loyal Customer,11,Eco
73377,Male,Loyal Customer,47,Eco
5957,Female,Loyal Customer,52,Eco
43040,Female,disloyal Customer,25,Eco
86410,Male,Loyal Customer,39,Business
24491,Male,Loyal Customer,13,Eco
16271,Female,Loyal Customer,26,Eco
11982,Female,Loyal Customer,64,Eco
18851,Female,Loyal Customer,26,Eco
18671,Female,Loyal Customer,58,Eco
67875,Male,Loyal Customer,59,Business
106475,Male,Loyal Customer,36,Business
99665,Female,Loyal Customer,32,Business
92790,Female,Loyal Customer,61,Business
83588,Male,Loyal Customer,34,Eco
66373,Male,Loyal Customer,51,Business
78270,Female,Loyal Customer,48,Business
23989,Male,Loyal Customer,67,Eco
9681,Male,Loyal Customer,48,Eco
56969,Female,disloyal Customer,25,Business
118297,Female,Loyal Customer,50,Business
45630,Female,disloyal Customer,33,Eco
47871,Male,disloyal Customer,25,Business
53486,Female,disloyal Customer,40,Business
98356,Male,Loyal Customer,41,Business
4569,Female,Loyal Customer,43,Eco
19082,Male,Loyal Customer,26,Eco
26266,Male,Loyal Customer,47,Business
14356,Male,Loyal Customer,60,Eco
8705,Female,Loyal Customer,40,Eco
129847,Female,disloyal Customer,20,Business
30920,Female,Loyal Customer,10,Eco
72510,Female,Loyal Customer,56,Eco
94943,Female,Loyal Customer,58,Business
39454,Female,Loyal Customer,38,Eco
124503,Female,Loyal Customer,57,Business
62095,Female,disloyal Customer,23,Business
96406,Male,Loyal Customer,28,Eco
95756,Female,Loyal Customer,54,Business
91847,Female,Loyal Customer,49,Business
103489,Male,Loyal Customer,55,Business
77544,Male,Loyal Customer,48,Eco
81839,Male,Loyal Customer,64,Business
42607,Female,disloyal Customer,16,Eco
15331,Male,Loyal Customer,25,Eco
32888,Female,Loyal Customer,23,Eco
110005,Female,Loyal Customer,40,Business
98645,Female,Loyal Customer,55,Business
14043,Female,Loyal Customer,26,Eco
115681,Female,Loyal Customer,48,Business
9289,Male,Loyal Customer,58,Eco
54606,Female,disloyal Customer,43,Business
66613,Female,Loyal Customer,60,Eco
43299,Female,disloyal Customer,68,Business
77375,Male,Loyal Customer,25,Eco
110056,Male,Loyal Customer,49,Business
14225,Male,Loyal Customer,63,Eco
19779,Female,Loyal Customer,36,Eco
99579,Female,Loyal Customer,38,Business
46777,Male,disloyal Customer,61,Business
55649,Female,disloyal Customer,24,Eco
52920,Male,disloyal Customer,34,Business
81676,Male,Loyal Customer,60,Business
22554,Male,Loyal Customer,24,Eco
82877,Male,Loyal Customer,32,Business
103229,Male,Loyal Customer,47,Business
74746,Male,Loyal Customer,34,Business
22645,Female,Loyal Customer,49,Eco
78633,Female,Loyal Customer,44,Business
87238,Male,Loyal Customer,26,Eco
31754,Male,Loyal Customer,60,Eco
128198,Female,Loyal Customer,38,Business
90095,Male,Loyal Customer,54,Eco Plus
93769,Female,Loyal Customer,29,Business
109136,Male,Loyal Customer,23,Eco Plus
79697,Male,Loyal Customer,54,Eco
6036,Male,Loyal Customer,51,Eco Plus
45243,Female,disloyal Customer,22,Eco
47028,Male,disloyal Customer,22,Eco
96157,Female,Loyal Customer,32,Eco Plus
40896,Male,disloyal Customer,21,Eco
53042,Female,disloyal Customer,27,Business
18397,Male,Loyal Customer,32,Eco
6771,Female,Loyal Customer,12,Eco Plus
12701,Male,Loyal Customer,34,Eco
60481,Male,disloyal Customer,28,Eco
116431,Female,Loyal Customer,57,Business
91145,Male,Loyal Customer,26,Business
6851,Male,Loyal Customer,36,Eco
115139,Female,Loyal Customer,42,Business
16407,Female,Loyal Customer,16,Eco Plus
49164,Female,disloyal Customer,32,Business
55659,Male,disloyal Customer,22,Eco
106706,Male,Loyal Customer,50,Business
19549,Female,Loyal Customer,7,Business
36671,Female,Loyal Customer,11,Eco
98984,Male,Loyal Customer,39,Business
18855,Female,Loyal Customer,23,Eco
15650,Female,Loyal Customer,27,Eco
64490,Male,Loyal Customer,38,Business
113120,Female,Loyal Customer,37,Business
129212,Male,Loyal Customer,37,Eco Plus
120847,Male,Loyal Customer,57,Business
10012,Female,Loyal Customer,66,Eco
55539,Male,disloyal Customer,33,Business
70462,Male,Loyal Customer,49,Business
24576,Male,Loyal Customer,25,Eco
126880,Male,Loyal Customer,39,Eco
46299,Male,disloyal Customer,35,Eco
126136,Male,Loyal Customer,45,Eco
22488,Male,Loyal Customer,31,Eco
181,Male,Loyal Customer,7,Eco
122885,Male,Loyal Customer,43,Eco
88121,Female,Loyal Customer,29,Business
3455,Male,Loyal Customer,15,Eco
26834,Female,Loyal Customer,49,Eco Plus
61411,Female,disloyal Customer,25,Business
123006,Female,Loyal Customer,44,Business
114488,Female,Loyal Customer,42,Business
127258,Female,Loyal Customer,23,Business
121965,Female,Loyal Customer,40,Business
98318,Male,Loyal Customer,52,Eco
42564,Male,disloyal Customer,26,Business
70755,Male,Loyal Customer,42,Eco
95028,Female,Loyal Customer,56,Business
72120,Female,Loyal Customer,49,Business
50831,Male,disloyal Customer,59,Eco
41505,Male,disloyal Customer,38,Business
93695,Female,Loyal Customer,54,Eco
61915,Female,disloyal Customer,15,Business
63844,Male,Loyal Customer,61,Business
26581,Female,Loyal Customer,50,Eco
11999,Male,Loyal Customer,65,Eco
91187,Female,Loyal Customer,44,Eco
103482,Female,Loyal Customer,20,Business
38908,Male,Loyal Customer,50,Eco
24455,Male,Loyal Customer,19,Eco
14511,Male,Loyal Customer,67,Eco
68023,Female,Loyal Customer,46,Business
63530,Male,disloyal Customer,28,Business
76717,Male,Loyal Customer,53,Business
117786,Female,Loyal Customer,46,Business
31679,Male,Loyal Customer,57,Eco
3288,Male,Loyal Customer,62,Eco Plus
28258,Female,Loyal Customer,64,Eco
5829,Male,Loyal Customer,30,Eco
68007,Male,Loyal Customer,18,Business
82111,Male,Loyal Customer,54,Business
824,Female,Loyal Customer,34,Eco
16224,Male,Loyal Customer,16,Eco
49861,Female,disloyal Customer,32,Business
123916,Male,Loyal Customer,32,Eco Plus
36090,Male,Loyal Customer,64,Eco
28222,Male,Loyal Customer,12,Eco
54294,Female,disloyal Customer,32,Eco
62128,Female,disloyal Customer,37,Eco
30806,Male,Loyal Customer,14,Eco
108747,Male,Loyal Customer,25,Business
81655,Male,Loyal Customer,55,Eco Plus
92012,Male,Loyal Customer,49,Business
119523,Male,Loyal Customer,40,Business
118723,Male,Loyal Customer,60,Business
65390,Female,Loyal Customer,39,Business
87541,Male,Loyal Customer,51,Business
10610,Female,Loyal Customer,34,Eco
119468,Male,Loyal Customer,36,Eco
29348,Male,Loyal Customer,56,Eco
55250,Female,disloyal Customer,23,Eco
14875,Female,Loyal Customer,54,Eco
8697,Female,Loyal Customer,20,Eco
37099,Male,Loyal Customer,46,Eco
103027,Male,Loyal Customer,18,Business
51672,Female,disloyal Customer,36,Business
26393,Male,Loyal Customer,63,Eco
68341,Male,Loyal Customer,47,Business
119498,Female,Loyal Customer,39,Business
10862,Male,Loyal Customer,45,Eco Plus
1077,Male,Loyal Customer,29,Eco
48312,Female,disloyal Customer,39,Business
94835,Female,Loyal Customer,26,Business
37967,Female,Loyal Customer,55,Eco
61638,Male,disloyal Customer,14,Business
51217,Male,disloyal Customer,28,Eco
68168,Female,Loyal Customer,54,Eco Plus
23603,Male,Loyal Customer,64,Eco Plus
88752,Female,Loyal Customer,57,Business
8641,Female,Loyal Customer,12,Eco
58406,Male,disloyal Customer,46,Eco
50695,Male,disloyal Customer,36,Eco
116804,Male,Loyal Customer,27,Eco
74186,Female,Loyal Customer,39,Business
29515,Male,Loyal Customer,7,Business
6740,Female,Loyal Customer,52,Eco
27699,Male,Loyal Customer,15,Eco
79804,Male,Loyal Customer,45,Business
90100,Female,Loyal Customer,51,Business
126918,Female,Loyal Customer,39,Business
94052,Male,Loyal Customer,21,Business
61764,Male,disloyal Customer,20,Eco
26296,Female,Loyal Customer,60,Eco
114625,Female,Loyal Customer,52,Eco Plus
77508,Male,Loyal Customer,41,Business
36123,Male,Loyal Customer,58,Eco
123119,Female,Loyal Customer,28,Business
1574,Male,Loyal Customer,35,Eco
2981,Male,Loyal Customer,39,Eco Plus
25759,Female,Loyal Customer,7,Eco
81828,Male,Loyal Customer,53,Eco
77639,Male,Loyal Customer,41,Business
124867,Male,Loyal Customer,39,Business
28872,Female,Loyal Customer,48,Eco
46054,Female,disloyal Customer,34,Business
77108,Male,Loyal Customer,33,Eco Plus
52524,Female,disloyal Customer,20,Eco
106858,Male,Loyal Customer,57,Business
12343,Female,Loyal Customer,32,Eco
1995,Male,Loyal Customer,30,Business
74845,Female,Loyal Customer,29,Eco Plus
124074,Male,Loyal Customer,58,Business
91657,Female,Loyal Customer,38,Business
58238,Female,disloyal Customer,21,Eco
91881,Male,Loyal Customer,53,Business
78798,Female,Loyal Customer,49,Business
60325,Female,disloyal Customer,17,Eco
119618,Female,Loyal Customer,45,Business
96594,Female,Loyal Customer,19,Eco Plus
99819,Male,Loyal Customer,56,Business
74375,Male,Loyal Customer,47,Business
34854,Female,Loyal Customer,11,Eco
31274,Female,Loyal Customer,29,Eco
44298,Female,disloyal Customer,61,Eco
27295,Female,Loyal Customer,48,Eco
128611,Male,Loyal Customer,46,Business
72362,Male,Loyal Customer,43,Business
109016,Male,Loyal Customer,49,Business
22147,Female,Loyal Customer,43,Eco
90645,Female,Loyal Customer,60,Business
16709,Female,Loyal Customer,11,Eco
17801,Female,Loyal Customer,57,Eco
114557,Female,Loyal Customer,59,Business
6371,Female,Loyal Customer,28,Eco
82796,Male,Loyal Customer,43,Eco
126965,Male,Loyal Customer,56,Business
60929,Female,disloyal Customer,24,Eco
112168,Male,Loyal Customer,10,Business
46684,Male,disloyal Customer,26,Business
93418,Female,Loyal Customer,56,Eco Plus
115276,Female,Loyal Customer,28,Business
91200,Male,Loyal Customer,43,Business
70637,Female,Loyal Customer,45,Business
41785,Female,disloyal Customer,42,Eco
103829,Male,Loyal Customer,50,Eco
84892,Female,Loyal Customer,29,Business
28602,Female,Loyal Customer,14,Eco
7855,Female,Loyal Customer,41,Eco
76600,Male,Loyal Customer,54,Business
39820,Female,Loyal Customer,36,Eco
44020,Female,disloyal Customer,25,Eco
105252,Female,Loyal Customer,60,Business
40699,Female,disloyal Customer,25,Business
99108,Female,Loyal Customer,31,Business
15914,Male,Loyal Customer,43,Eco
125324,Male,Loyal Customer,48,Business
94839,Male,Loyal Customer,19,Business
61877,Female,disloyal Customer,22,Business
59804,Male,disloyal Customer,27,Business
59015,Male,disloyal Customer,28,Business
119281,Male,Loyal Customer,58,Business
22351,Male,Loyal Customer,9,Eco
103030,Female,Loyal Customer,23,Business
18181,Male,Loyal Customer,8,Eco
78739,Male,Loyal Customer,38,Business
120814,Female,Loyal Customer,26,Business
109073,Male,Loyal Customer,26,Eco
38790,Female,Loyal Customer,51,Business
74257,Female,Loyal Customer,39,Business
40507,Male,disloyal Customer,22,Business
24987,Male,Loyal Customer,64,Eco
44446,Female,disloyal Customer,24,Eco
75633,Male,Loyal Customer,54,Eco
122587,Male,Loyal Customer,30,Business
96878,Female,Loyal Customer,43,Business
31831,Male,Loyal Customer,7,Eco
114116,Female,Loyal Customer,53,Business
106369,Male,Loyal Customer,32,Eco
75810,Female,Loyal Customer,45,Business
70134,Female,Loyal Customer,37,Business
17698,Female,Loyal Customer,45,Eco
16002,Female,Loyal Customer,14,Eco
78144,Male,Loyal Customer,37,Eco
80937,Female,Loyal Customer,36,Eco
58760,Female,disloyal Customer,61,Business
119979,Female,Loyal Customer,55,Business
73191,Female,Loyal Customer,38,Business
59238,Male,disloyal Customer,48,Business
32702,Male,Loyal Customer,64,Eco
73680,Male,Loyal Customer,45,Eco
104030,Male,Loyal Customer,44,Business
60751,Male,disloyal Customer,22,Eco
112127,Female,Loyal Customer,54,Business
88096,Male,Loyal Customer,48,Business
59810,Female,disloyal Customer,27,Business
21487,Male,Loyal Customer,31,Eco
93525,Female,Loyal Customer,52,Business
65870,Female,Loyal Customer,22,Business
114983,Male,Loyal Customer,43,Business
84116,Female,Loyal Customer,62,Eco Plus
35472,Female,Loyal Customer,36,Eco Plus
75730,Male,Loyal Customer,24,Business
84237,Female,Loyal Customer,59,Eco
127888,Female,Loyal Customer,37,Business
29740,Male,Loyal Customer,29,Eco
21519,Male,Loyal Customer,14,Eco
122584,Female,Loyal Customer,43,Business
43023,Male,disloyal Customer,23,Eco
38549,Female,Loyal Customer,31,Eco
62264,Female,disloyal Customer,38,Business
123138,Female,Loyal Customer,48,Business
106406,Male,Loyal Customer,43,Business
14768,Male,Loyal Customer,22,Eco
1898,Female,Loyal Customer,7,Eco Plus
80479,Male,Loyal Customer,55,Business
72826,Female,Loyal Customer,46,Business
16776,Male,Loyal Customer,64,Eco
6500,Female,Loyal Customer,24,Eco
8127,Female,Loyal Customer,17,Eco
21013,Female,Loyal Customer,51,Eco
4993,Female,Loyal Customer,9,Eco
123070,Female,Loyal Customer,41,Business
13275,Male,Loyal Customer,62,Eco
100734,Male,Loyal Customer,56,Business
47508,Male,disloyal Customer,32,Business
40811,Female,disloyal Customer,26,Business
42468,Female,disloyal Customer,16,Eco
9762,Male,Loyal Customer,38,Eco
114037,Female,Loyal Customer,46,Business
85307,Female,Loyal Customer,49,Business
39489,Male,Loyal Customer,38,Eco
110250,Female,Loyal Customer,29,Business
68841,Male,Loyal Customer,55,Business
448,Female,Loyal Customer,51,Eco
77168,Male,Loyal Customer,54,Business
53954,Male,disloyal Customer,30,Business
118955,Male,Loyal Customer,41,Eco
89422,Female,Loyal Customer,65,Eco Plus
25374,Male,Loyal Customer,54,Eco
71861,Male,Loyal Customer,41,Business
26893,Female,Loyal Customer,50,Eco
63466,Male,disloyal Customer,20,Eco
23419,Male,Loyal Customer,66,Eco
101205,Female,Loyal Customer,34,Business
51385,Female,disloyal Customer,16,Eco
77653,Female,Loyal Customer,51,Business
98758,Female,Loyal Customer,52,Business
16095,Male,Loyal Customer,49,Eco
84919,Female,Loyal Customer,37,Business
113263,Male,Loyal Customer,43,Business
72734,Female,Loyal Customer,37,Business
48645,Male,disloyal Customer,30,Business
110627,Female,Loyal Customer,44,Business
8366,Male,Loyal Customer,11,Eco
35514,Female,Loyal Customer,68,Eco
74277,Male,Loyal Customer,37,Business
16606,Male,Loyal Customer,54,Eco
25743,Female,Loyal Customer,9,Eco
29471,Female,Loyal Customer,16,Eco
104496,Male,Loyal Customer,33,Business
88768,Male,Loyal Customer,56,Business
106189,Male,Loyal Customer,65,Business
108582,Female,Loyal Customer,23,Business
34630,Male,Loyal Customer,25,Eco
18567,Female,Loyal Customer,9,Eco
6896,Female,Loyal Customer,61,Eco
13395,Male,Loyal Customer,23,Eco Plus
102048,Male,Loyal Customer,47,Business
86881,Female,Loyal Customer,46,Eco
127446,Female,Loyal Customer,41,Business
16159,Female,Loyal Customer,7,Eco Plus
54619,Female,disloyal Customer,42,Business
105368,Male,Loyal Customer,48,Business
64114,Male,Loyal Customer,36,Business
81415,Male,Loyal Customer,58,Eco
57458,Male,disloyal Customer,24,Eco Plus
83283,Female,Loyal Customer,60,Business
90823,Female,Loyal Customer,47,Eco Plus
128158,Female,Loyal Customer,62,Business
128963,Male,Loyal Customer,35,Business
102084,Female,Loyal Customer,56,Business
42205,Female,disloyal Customer,35,Eco
44995,Male,disloyal Customer,41,Eco
43963,Female,disloyal Customer,25,Eco
69725,Male,Loyal Customer,57,Business
63803,Male,Loyal Customer,41,Business
121783,Female,Loyal Customer,35,Business
27236,Male,Loyal Customer,68,Eco Plus
75532,Male,Loyal Customer,48,Business
18461,Male,Loyal Customer,57,Eco
10454,Female,Loyal Customer,9,Business
118937,Female,Loyal Customer,42,Eco
85288,Female,Loyal Customer,26,Business
96414,Male,Loyal Customer,28,Eco
34401,Male,Loyal Customer,33,Eco
17948,Male,Loyal Customer,68,Eco
7677,Male,Loyal Customer,50,Eco
78825,Female,Loyal Customer,44,Business
43827,Female,disloyal Customer,23,Eco
49472,Male,disloyal Customer,19,Business
56613,Male,disloyal Customer,22,Business
50385,Female,disloyal Customer,20,Eco
103584,Female,Loyal Customer,42,Business
110369,Female,Loyal Customer,60,Business
5532,Male,Loyal Customer,63,Eco
119166,Male,Loyal Customer,47,Business
1319,Female,Loyal Customer,55,Eco
39453,Female,Loyal Customer,38,Eco
35615,Female,Loyal Customer,43,Eco
15974,Female,Loyal Customer,36,Eco
10536,Male,Loyal Customer,56,Eco
118503,Male,Loyal Customer,52,Business
5357,Female,Loyal Customer,13,Eco Plus
92350,Male,Loyal Customer,46,Business
18867,Male,Loyal Customer,21,Eco
78560,Male,Loyal Customer,17,Eco Plus
80738,Male,Loyal Customer,42,Eco
49795,Female,disloyal Customer,36,Business
126737,Male,Loyal Customer,41,Eco
28534,Female,Loyal Customer,31,Eco
18946,Male,Loyal Customer,21,Business
66267,Male,Loyal Customer,48,Eco
96678,Male,Loyal Customer,60,Business
16573,Female,Loyal Customer,32,Eco
59595,Female,disloyal Customer,35,Business
100482,Female,Loyal Customer,39,Business
56860,Male,disloyal Customer,23,Business
125930,Male,Loyal Customer,51,Business
13583,Male,Loyal Customer,66,Eco
104458,Male,Loyal Customer,22,Business
106824,Male,Loyal Customer,50,Business
2645,Male,Loyal Customer,23,Eco
95238,Female,Loyal Customer,53,Business
53228,Female,disloyal Customer,21,Eco
70116,Male,Loyal Customer,56,Business
38740,Female,Loyal Customer,30,Eco
32985,Female,Loyal Customer,65,Eco
22934,Male,Loyal Customer,25,Eco
90046,Female,Loyal Customer,50,Business
80036,Female,Loyal Customer,36,Business
84767,Male,Loyal Customer,30,Business
115820,Female,Loyal Customer,29,Business
86148,Female,Loyal Customer,30,Business
26357,Male,Loyal Customer,33,Eco Plus
115584,Male,Loyal Customer,24,Business
117113,Male,Loyal Customer,64,Eco
68019,Male,Loyal Customer,60,Eco
105787,Female,Loyal Customer,43,Business
109600,Female,Loyal Customer,45,Business
118821,Male,Loyal Customer,44,Business
86834,Male,Loyal Customer,20,Business
113356,Male,Loyal Customer,49,Business
99413,Male,Loyal Customer,48,Business
31861,Male,Loyal Customer,57,Eco
70619,Male,Loyal Customer,60,Business
82333,Male,Loyal Customer,36,Business
111280,Female,Loyal Customer,31,Business
102148,Female,Loyal Customer,48,Business
75116,Female,Loyal Customer,69,Eco
122176,Male,Loyal Customer,60,Business
62017,Male,disloyal Customer,55,Business
40717,Female,disloyal Customer,18,Business
48428,Female,disloyal Customer,12,Eco
49745,Male,disloyal Customer,32,Eco
129126,Female,Loyal Customer,54,Business
111218,Female,Loyal Customer,56,Business
115975,Female,Loyal Customer,33,Business
91216,Female,Loyal Customer,46,Business
114991,Male,Loyal Customer,57,Business
56451,Male,disloyal Customer,36,Eco
117171,Male,Loyal Customer,57,Business
55604,Female,disloyal Customer,34,Eco
25905,Male,Loyal Customer,30,Eco Plus
101254,Female,Loyal Customer,50,Business
43590,Male,disloyal Customer,28,Eco
61036,Female,disloyal Customer,23,Business
84687,Female,Loyal Customer,39,Business
115495,Male,Loyal Customer,21,Business
54433,Male,disloyal Customer,13,Eco
67818,Male,Loyal Customer,28,Eco Plus
10720,Female,Loyal Customer,37,Business
4657,Male,Loyal Customer,11,Eco
92471,Female,Loyal Customer,40,Business
30402,Female,Loyal Customer,52,Eco Plus
70918,Female,Loyal Customer,43,Business
36423,Male,Loyal Customer,10,Eco Plus
99098,Male,Loyal Customer,42,Business
128673,Female,Loyal Customer,35,Business
75069,Male,Loyal Customer,80,Eco Plus
7305,Male,Loyal Customer,22,Eco
61429,Male,disloyal Customer,20,Eco
117529,Male,Loyal Customer,47,Business
9869,Female,Loyal Customer,65,Eco
77827,Female,Loyal Customer,85,Business
57953,Female,disloyal Customer,58,Eco Plus
66,Male,Loyal Customer,10,Eco
56262,Female,disloyal Customer,24,Eco
49611,Male,disloyal Customer,50,Business
6793,Male,Loyal Customer,50,Eco Plus
98164,Male,Loyal Customer,44,Business
90456,Male,Loyal Customer,53,Business
128817,Male,Loyal Customer,58,Business
18553,Male,Loyal Customer,9,Eco
103869,Female,Loyal Customer,54,Business
63019,Male,disloyal Customer,25,Eco
35319,Male,Loyal Customer,43,Business
52283,Male,disloyal Customer,8,Eco
121026,Male,Loyal Customer,35,Business
79378,Male,Loyal Customer,22,Eco Plus
64187,Female,Loyal Customer,36,Business
6641,Female,Loyal Customer,15,Eco
57576,Female,disloyal Customer,30,Eco
99349,Male,Loyal Customer,55,Business
88957,Female,Loyal Customer,27,Business
2621,Male,Loyal Customer,39,Eco
76161,Female,Loyal Customer,47,Eco
90559,Male,Loyal Customer,29,Business
37882,Male,Loyal Customer,45,Eco
22971,Female,Loyal Customer,19,Eco
51819,Female,disloyal Customer,22,Business
95716,Male,Loyal Customer,38,Eco Plus
25577,Female,Loyal Customer,7,Eco
91875,Female,Loyal Customer,26,Business
29618,Male,Loyal Customer,56,Eco
79286,Male,Loyal Customer,71,Business
58498,Male,disloyal Customer,17,Eco
41981,Female,disloyal Customer,29,Eco
114941,Male,Loyal Customer,56,Business
89247,Male,Loyal Customer,42,Business
20620,Female,Loyal Customer,42,Eco
117502,Female,Loyal Customer,46,Business
115385,Female,Loyal Customer,27,Business
83306,Female,Loyal Customer,40,Business
16613,Male,Loyal Customer,67,Eco Plus
42412,Female,disloyal Customer,30,Eco Plus
42780,Male,disloyal Customer,19,Eco
115375,Female,Loyal Customer,48,Business
47980,Male,disloyal Customer,18,Eco
115647,Female,Loyal Customer,23,Business
128150,Female,Loyal Customer,46,Business
28955,Male,Loyal Customer,24,Eco
4571,Male,Loyal Customer,32,Eco Plus
101657,Male,Loyal Customer,23,Business
108907,Male,Loyal Customer,42,Business
3674,Female,Loyal Customer,15,Eco
98827,Female,Loyal Customer,46,Business
27014,Female,Loyal Customer,68,Eco
111580,Male,Loyal Customer,33,Business
40541,Female,disloyal Customer,25,Business
92385,Female,Loyal Customer,42,Business
244,Male,Loyal Customer,64,Eco
104835,Female,Loyal Customer,44,Eco
72053,Female,Loyal Customer,34,Business
101107,Female,Loyal Customer,37,Eco
48176,Male,disloyal Customer,28,Eco
118165,Male,Loyal Customer,30,Business
9207,Male,Loyal Customer,48,Eco
11689,Female,Loyal Customer,63,Eco
125637,Female,Loyal Customer,48,Business
84260,Female,Loyal Customer,10,Business
45179,Male,disloyal Customer,45,Eco
99143,Female,Loyal Customer,22,Business
16881,Male,Loyal Customer,41,Eco
119827,Male,Loyal Customer,54,Business
100891,Female,Loyal Customer,25,Business
14749,Male,Loyal Customer,22,Eco
16751,Male,Loyal Customer,70,Eco
119781,Female,Loyal Customer,33,Business
115111,Female,Loyal Customer,48,Eco
77311,Female,Loyal Customer,69,Business
81944,Female,Loyal Customer,35,Business
61401,Female,disloyal Customer,25,Business
13868,Female,Loyal Customer,52,Eco
47982,Male,disloyal Customer,26,Eco
2982,Male,Loyal Customer,49,Eco
119380,Female,Loyal Customer,23,Business
120410,Female,Loyal Customer,52,Business
34543,Male,Loyal Customer,16,Business
21082,Male,Loyal Customer,46,Eco
93143,Male,Loyal Customer,52,Business
92368,Male,Loyal Customer,42,Business
49012,Male,disloyal Customer,38,Eco
52216,Female,disloyal Customer,22,Business
36022,Male,Loyal Customer,29,Eco Plus
23322,Female,Loyal Customer,59,Eco
46673,Male,disloyal Customer,26,Business
69951,Female,Loyal Customer,28,Eco Plus
103242,Female,Loyal Customer,31,Business
41010,Female,disloyal Customer,49,Eco
84851,Male,Loyal Customer,51,Business
32776,Male,Loyal Customer,20,Eco Plus
115176,Male,Loyal Customer,41,Business
27549,Female,Loyal Customer,24,Eco
80056,Male,Loyal Customer,44,Business
78858,Male,Loyal Customer,65,Business
51576,Male,disloyal Customer,27,Eco
86268,Female,Loyal Customer,30,Business
22457,Male,Loyal Customer,54,Eco Plus
68053,Female,Loyal Customer,59,Eco
99568,Male,Loyal Customer,44,Business
82046,Male,Loyal Customer,51,Eco Plus
78087,Female,Loyal Customer,49,Business
36360,Male,Loyal Customer,29,Eco
27260,Female,Loyal Customer,45,Eco
111143,Male,Loyal Customer,37,Eco
43872,Male,disloyal Customer,9,Eco
70847,Female,Loyal Customer,38,Eco
25836,Male,Loyal Customer,17,Eco
115010,Male,Loyal Customer,49,Business
96366,Female,Loyal Customer,52,Business
123585,Female,Loyal Customer,55,Business
74050,Male,Loyal Customer,66,Business
43614,Female,disloyal Customer,33,Eco
120426,Male,Loyal Customer,50,Business
128597,Female,Loyal Customer,47,Eco
98081,Female,Loyal Customer,26,Business
77038,Female,Loyal Customer,35,Eco
76445,Female,Loyal Customer,33,Business
112400,Male,Loyal Customer,25,Business
68382,Female,Loyal Customer,48,Eco
69523,Male,Loyal Customer,33,Business
67843,Male,Loyal Customer,27,Eco Plus
96772,Female,Loyal Customer,67,Eco
102460,Female,Loyal Customer,72,Eco
69141,Male,Loyal Customer,21,Eco
124774,Female,Loyal Customer,57,Business
54711,Male,disloyal Customer,25,Eco
62909,Male,disloyal Customer,65,Business
43230,Male,disloyal Customer,24,Eco
46048,Male,disloyal Customer,35,Business
122820,Male,Loyal Customer,40,Business
76361,Female,Loyal Customer,31,Business
31888,Male,Loyal Customer,20,Eco
78511,Male,Loyal Customer,36,Business
19539,Male,Loyal Customer,44,Eco
73526,Male,Loyal Customer,35,Business
122424,Male,Loyal Customer,47,Business
96672,Female,Loyal Customer,26,Business
90225,Female,Loyal Customer,45,Business
98405,Male,Loyal Customer,65,Business
91752,Male,Loyal Customer,53,Business
8428,Male,Loyal Customer,23,Eco
45133,Male,disloyal Customer,23,Eco
35446,Male,Loyal Customer,19,Eco
61104,Female,disloyal Customer,25,Eco
53774,Female,disloyal Customer,28,Eco
83568,Female,Loyal Customer,30,Business
1663,Female,Loyal Customer,29,Eco
82786,Male,Loyal Customer,44,Eco
88898,Male,Loyal Customer,48,Business
68137,Female,Loyal Customer,29,Business
45731,Female,disloyal Customer,23,Business
40364,Female,disloyal Customer,25,Eco
96814,Male,Loyal Customer,65,Eco
121974,Male,Loyal Customer,50,Business
94533,Male,Loyal Customer,27,Business
40582,Female,disloyal Customer,26,Business
92122,Male,Loyal Customer,33,Business
65538,Male,Loyal Customer,45,Business
114856,Male,Loyal Customer,54,Business
98798,Female,Loyal Customer,60,Business
33690,Female,Loyal Customer,22,Eco
15954,Female,Loyal Customer,62,Eco
79269,Male,Loyal Customer,48,Business
28239,Female,Loyal Customer,37,Eco
100922,Male,Loyal Customer,46,Business
124892,Female,Loyal Customer,43,Business
98872,Male,Loyal Customer,49,Eco
74637,Female,Loyal Customer,22,Business
114310,Male,Loyal Customer,39,Business
58951,Male,disloyal Customer,36,Business
40708,Female,disloyal Customer,23,Business
102164,Male,Loyal Customer,42,Business
2667,Male,Loyal Customer,15,Eco Plus
6880,Female,Loyal Customer,55,Eco
29395,Male,Loyal Customer,32,Eco
29329,Male,Loyal Customer,22,Eco
82229,Female,Loyal Customer,49,Eco
52472,Male,disloyal Customer,34,Business
7752,Female,Loyal Customer,23,Eco
105709,Female,Loyal Customer,57,Business
91075,Female,Loyal Customer,41,Business
103106,Male,Loyal Customer,51,Business
66537,Female,Loyal Customer,66,Eco
90309,Male,Loyal Customer,56,Business
27064,Female,Loyal Customer,65,Eco
36054,Female,Loyal Customer,59,Eco
57951,Female,disloyal Customer,22,Eco
16918,Male,Loyal Customer,8,Eco
90987,Male,Loyal Customer,40,Business
30670,Female,Loyal Customer,11,Eco
78163,Male,Loyal Customer,54,Business
7955,Female,Loyal Customer,62,Eco
109004,Female,Loyal Customer,41,Business
3051,Male,Loyal Customer,14,Eco
122932,Female,Loyal Customer,42,Business
124917,Male,Loyal Customer,26,Business
94693,Female,Loyal Customer,57,Business
87992,Male,Loyal Customer,62,Eco
58413,Female,disloyal Customer,45,Business
24968,Female,Loyal Customer,10,Eco
1500,Female,Loyal Customer,27,Eco
54043,Female,disloyal Customer,21,Eco
124976,Male,Loyal Customer,47,Business
66401,Male,Loyal Customer,50,Business
101272,Male,Loyal Customer,55,Business
79235,Female,Loyal Customer,41,Eco
77704,Female,Loyal Customer,26,Eco
116493,Male,Loyal Customer,42,Business
82814,Male,Loyal Customer,43,Eco
25381,Male,Loyal Customer,30,Eco
44152,Male,disloyal Customer,10,Eco
48407,Female,disloyal Customer,24,Eco
24083,Female,Loyal Customer,37,Eco
79932,Male,Loyal Customer,51,Business
110464,Male,Loyal Customer,22,Business
3272,Female,Loyal Customer,35,Eco Plus
90519,Female,Loyal Customer,52,Business
20630,Female,Loyal Customer,39,Eco
112596,Female,Loyal Customer,52,Business
112538,Female,Loyal Customer,39,Business
42782,Female,disloyal Customer,46,Business
3908,Male,Loyal Customer,29,Eco
6528,Male,Loyal Customer,65,Eco
124252,Male,Loyal Customer,39,Business
71110,Male,Loyal Customer,29,Business
102833,Female,Loyal Customer,58,Business
93115,Female,Loyal Customer,46,Business
69971,Female,Loyal Customer,64,Eco
108906,Male,Loyal Customer,39,Business
6140,Female,Loyal Customer,58,Eco
72984,Female,Loyal Customer,7,Business
111654,Female,Loyal Customer,49,Business
99840,Female,Loyal Customer,52,Business
89573,Female,Loyal Customer,60,Eco
73160,Male,Loyal Customer,49,Eco
3323,Female,Loyal Customer,61,Eco
37355,Female,Loyal Customer,16,Business
101166,Male,Loyal Customer,50,Business
35667,Female,Loyal Customer,35,Eco
3642,Male,Loyal Customer,43,Eco
109710,Male,Loyal Customer,47,Business
102098,Female,Loyal Customer,28,Eco Plus
103359,Male,Loyal Customer,41,Business
72492,Male,Loyal Customer,7,Business
43708,Male,disloyal Customer,23,Eco
50546,Female,disloyal Customer,27,Eco
27120,Female,Loyal Customer,39,Eco
49369,Male,disloyal Customer,25,Eco
88790,Female,Loyal Customer,70,Eco
76425,Female,Loyal Customer,43,Eco
89041,Female,Loyal Customer,47,Business
52256,Male,disloyal Customer,43,Eco
39717,Male,Loyal Customer,66,Eco
81396,Female,Loyal Customer,59,Eco
92306,Female,Loyal Customer,44,Business
105626,Male,Loyal Customer,54,Business
129737,Male,disloyal Customer,33,Eco
70293,Male,Loyal Customer,25,Eco Plus
85918,Male,Loyal Customer,35,Eco
35475,Female,Loyal Customer,25,Eco
119928,Female,Loyal Customer,45,Business
28529,Male,Loyal Customer,52,Eco
101561,Male,Loyal Customer,33,Eco
82423,Male,Loyal Customer,49,Business
84923,Male,Loyal Customer,52,Business
7217,Male,Loyal Customer,23,Eco
62905,Female,disloyal Customer,80,Business
95366,Male,Loyal Customer,55,Business
78386,Female,Loyal Customer,33,Business
34374,Female,Loyal Customer,59,Eco
108439,Male,Loyal Customer,36,Eco
48712,Female,disloyal Customer,29,Business
108923,Male,Loyal Customer,48,Business
17522,Female,Loyal Customer,24,Eco Plus
120908,Male,Loyal Customer,37,Business
105109,Female,Loyal Customer,36,Business
100785,Female,Loyal Customer,43,Business
39530,Male,Loyal Customer,11,Business
24374,Female,Loyal Customer,9,Eco
37223,Female,Loyal Customer,49,Business
12270,Female,Loyal Customer,36,Eco
48803,Male,disloyal Customer,62,Eco
99348,Female,Loyal Customer,56,Business
90744,Female,Loyal Customer,59,Business
89720,Male,Loyal Customer,56,Business
76750,Female,Loyal Customer,40,Eco
56726,Female,disloyal Customer,34,Eco
31176,Male,Loyal Customer,69,Eco
72963,Female,Loyal Customer,51,Eco
4232,Female,Loyal Customer,46,Eco
52399,Male,disloyal Customer,39,Eco
25923,Male,Loyal Customer,36,Eco Plus
125299,Male,Loyal Customer,57,Business
87698,Female,Loyal Customer,56,Eco
8306,Female,Loyal Customer,65,Eco
57334,Female,disloyal Customer,20,Eco
114087,Male,Loyal Customer,40,Business
79356,Female,Loyal Customer,54,Business
578,Male,Loyal Customer,30,Eco
31857,Male,Loyal Customer,67,Eco
97803,Female,Loyal Customer,55,Eco
1050,Male,Loyal Customer,13,Eco
125455,Female,Loyal Customer,53,Eco
2214,Female,Loyal Customer,70,Eco
97533,Male,Loyal Customer,39,Business
62026,Male,disloyal Customer,23,Business
49370,Female,disloyal Customer,13,Eco
79581,Male,Loyal Customer,21,Business
106776,Female,Loyal Customer,61,Business
102283,Female,Loyal Customer,50,Business
87764,Female,Loyal Customer,46,Business
74715,Male,Loyal Customer,32,Eco
29443,Male,Loyal Customer,16,Eco
57410,Male,disloyal Customer,22,Business
119428,Male,Loyal Customer,48,Business
8266,Female,Loyal Customer,17,Eco
39199,Female,Loyal Customer,16,Eco
123615,Female,Loyal Customer,59,Business
5533,Female,Loyal Customer,9,Eco
129552,Female,Loyal Customer,63,Business
222,Male,Loyal Customer,55,Eco
109235,Male,Loyal Customer,47,Business
96652,Female,Loyal Customer,54,Business
80905,Male,Loyal Customer,48,Business
35268,Male,Loyal Customer,10,Eco Plus
79785,Female,Loyal Customer,51,Business
49813,Female,disloyal Customer,32,Business
111490,Female,Loyal Customer,39,Business
125501,Female,Loyal Customer,56,Business
58944,Male,disloyal Customer,22,Eco
109645,Male,Loyal Customer,47,Business
109594,Female,Loyal Customer,54,Business
28050,Male,Loyal Customer,43,Eco
9001,Male,Loyal Customer,13,Eco
42364,Male,disloyal Customer,34,Business
105305,Female,Loyal Customer,23,Business
84775,Male,Loyal Customer,52,Business
106489,Female,Loyal Customer,32,Business
55512,Female,disloyal Customer,16,Eco
101894,Male,Loyal Customer,30,Eco Plus
64474,Female,Loyal Customer,38,Business
37531,Female,Loyal Customer,21,Eco
79077,Female,Loyal Customer,48,Business
42146,Female,disloyal Customer,39,Business
45990,Female,disloyal Customer,37,Business
70493,Female,Loyal Customer,22,Business
72309,Male,Loyal Customer,14,Business
129346,Male,Loyal Customer,33,Business
67169,Male,Loyal Customer,38,Business
20917,Female,Loyal Customer,40,Eco
79692,Female,Loyal Customer,39,Business
56135,Female,disloyal Customer,26,Eco
12095,Female,Loyal Customer,21,Eco
23390,Female,Loyal Customer,61,Eco Plus
92355,Male,Loyal Customer,54,Business
25884,Female,Loyal Customer,53,Eco
25488,Male,Loyal Customer,48,Eco
124770,Male,Loyal Customer,43,Business
61932,Female,disloyal Customer,25,Business
103500,Female,Loyal Customer,42,Business
48738,Female,disloyal Customer,29,Eco Plus
34153,Male,Loyal Customer,69,Eco
126886,Male,Loyal Customer,39,Eco
17944,Female,Loyal Customer,53,Eco
83795,Male,Loyal Customer,57,Business
61909,Female,disloyal Customer,27,Eco
37196,Female,Loyal Customer,21,Eco
20586,Male,Loyal Customer,50,Eco
84737,Male,Loyal Customer,50,Eco Plus
30339,Female,Loyal Customer,7,Eco
103260,Male,Loyal Customer,46,Business
113540,Female,Loyal Customer,22,Business
74291,Female,Loyal Customer,48,Business
116970,Female,Loyal Customer,21,Eco Plus
115957,Male,Loyal Customer,39,Eco Plus
48867,Male,disloyal Customer,26,Business
70396,Male,Loyal Customer,41,Business
67256,Female,Loyal Customer,43,Eco
46043,Female,disloyal Customer,35,Business
51208,Female,disloyal Customer,20,Eco
29092,Male,Loyal Customer,25,Eco
24691,Male,Loyal Customer,47,Eco
125905,Female,Loyal Customer,51,Business
88647,Female,Loyal Customer,23,Business
10747,Male,Loyal Customer,13,Eco
60407,Female,disloyal Customer,29,Business
4335,Female,Loyal Customer,27,Eco
71405,Female,Loyal Customer,58,Business
30752,Female,Loyal Customer,14,Eco
83837,Female,Loyal Customer,29,Eco
41038,Male,disloyal Customer,39,Eco
95736,Male,Loyal Customer,51,Business
42425,Female,disloyal Customer,30,Eco Plus
5985,Female,Loyal Customer,14,Eco
53092,Female,disloyal Customer,34,Eco
74681,Male,Loyal Customer,30,Business
28183,Male,Loyal Customer,39,Eco Plus
55910,Male,disloyal Customer,26,Business
20433,Female,Loyal Customer,30,Eco
66702,Male,Loyal Customer,56,Business
87679,Male,Loyal Customer,42,Business
31651,Female,Loyal Customer,44,Eco
31333,Male,Loyal Customer,41,Eco Plus
24705,Male,Loyal Customer,18,Business
15948,Male,Loyal Customer,31,Eco
14031,Female,Loyal Customer,37,Eco
81298,Female,Loyal Customer,36,Business
49099,Male,disloyal Customer,39,Business
116849,Female,Loyal Customer,49,Business
10609,Male,Loyal Customer,16,Eco
112433,Female,Loyal Customer,45,Business
40975,Female,disloyal Customer,17,Eco
111320,Male,Loyal Customer,16,Eco
79470,Female,Loyal Customer,39,Business
64986,Male,Loyal Customer,71,Business
109899,Female,Loyal Customer,53,Business
55551,Male,disloyal Customer,30,Business
40225,Female,disloyal Customer,29,Business
93195,Male,Loyal Customer,46,Business
21586,Female,Loyal Customer,62,Eco Plus
9346,Male,Loyal Customer,43,Eco
2517,Male,Loyal Customer,20,Eco
124545,Female,Loyal Customer,30,Business
46282,Female,disloyal Customer,49,Business
38239,Male,Loyal Customer,29,Eco Plus
20606,Male,Loyal Customer,63,Eco
28482,Female,Loyal Customer,49,Eco
13244,Female,Loyal Customer,70,Eco
62011,Male,disloyal Customer,24,Business
108202,Male,Loyal Customer,68,Business
19438,Male,Loyal Customer,32,Business
5737,Male,Loyal Customer,18,Eco
119151,Female,Loyal Customer,40,Business
70501,Male,Loyal Customer,44,Business
105104,Female,Loyal Customer,50,Business
57531,Female,disloyal Customer,59,Eco
74269,Female,Loyal Customer,50,Business
112731,Female,Loyal Customer,55,Business
123299,Male,Loyal Customer,54,Business
85577,Female,Loyal Customer,78,Business
64660,Male,Loyal Customer,57,Business
78635,Female,Loyal Customer,24,Eco Plus
12328,Female,Loyal Customer,14,Eco
71454,Female,Loyal Customer,25,Business
51907,Female,disloyal Customer,62,Eco
14393,Male,Loyal Customer,64,Eco
21073,Male,Loyal Customer,63,Eco Plus
117076,Male,Loyal Customer,60,Business
79902,Female,Loyal Customer,19,Business
52868,Female,disloyal Customer,36,Business
41319,Female,disloyal Customer,42,Eco
108076,Male,Loyal Customer,60,Business
119948,Male,Loyal Customer,47,Business
105908,Female,Loyal Customer,47,Business
119852,Male,Loyal Customer,47,Business
40894,Female,disloyal Customer,34,Business
79143,Male,Loyal Customer,48,Business
48696,Male,disloyal Customer,29,Business
32079,Female,Loyal Customer,50,Eco
50438,Female,disloyal Customer,23,Eco
49239,Female,disloyal Customer,29,Eco
63982,Male,Loyal Customer,45,Business
39297,Female,Loyal Customer,22,Eco
60426,Male,disloyal Customer,29,Business
23028,Male,Loyal Customer,20,Business
53781,Male,disloyal Customer,23,Eco
73294,Female,Loyal Customer,53,Business
104358,Female,Loyal Customer,54,Business
124367,Male,Loyal Customer,27,Eco Plus
83140,Female,Loyal Customer,39,Business
111884,Female,Loyal Customer,43,Business
51771,Male,disloyal Customer,31,Eco Plus
120895,Male,Loyal Customer,57,Eco
7292,Male,Loyal Customer,33,Eco
112236,Female,Loyal Customer,41,Business
34492,Male,Loyal Customer,56,Eco
43200,Female,disloyal Customer,38,Eco
71428,Female,Loyal Customer,47,Eco
76390,Male,Loyal Customer,62,Business
3423,Male,Loyal Customer,32,Business
2778,Female,Loyal Customer,19,Eco
121710,Female,Loyal Customer,59,Business
17743,Male,Loyal Customer,67,Eco
100428,Female,Loyal Customer,25,Business
45454,Female,disloyal Customer,38,Business
93981,Female,Loyal Customer,25,Business
118007,Female,Loyal Customer,24,Business
12785,Male,Loyal Customer,8,Business
52013,Female,disloyal Customer,17,Eco
95944,Male,Loyal Customer,58,Business
34856,Female,Loyal Customer,51,Eco
59841,Male,disloyal Customer,36,Eco
69743,Female,Loyal Customer,38,Business
86903,Male,Loyal Customer,72,Business
21706,Male,Loyal Customer,46,Eco
122397,Male,Loyal Customer,21,Business
93843,Female,Loyal Customer,35,Business
126740,Female,Loyal Customer,40,Eco
128411,Female,Loyal Customer,51,Eco Plus
5568,Female,Loyal Customer,60,Eco
23119,Male,Loyal Customer,41,Eco
105207,Male,Loyal Customer,11,Business
20504,Male,Loyal Customer,45,Eco
100945,Female,Loyal Customer,52,Business
99837,Male,Loyal Customer,31,Business
12084,Male,Loyal Customer,31,Eco
65530,Female,Loyal Customer,48,Business
43225,Female,disloyal Customer,26,Eco Plus
70300,Male,Loyal Customer,24,Eco Plus
124002,Male,Loyal Customer,31,Eco
73152,Male,Loyal Customer,49,Eco
11911,Male,Loyal Customer,53,Eco
53906,Female,disloyal Customer,10,Eco
98752,Female,Loyal Customer,13,Business
16950,Male,Loyal Customer,39,Eco
36341,Male,Loyal Customer,68,Business
120518,Female,Loyal Customer,46,Business
63315,Male,disloyal Customer,37,Eco Plus
38952,Male,Loyal Customer,22,Eco
8078,Female,Loyal Customer,27,Eco
11263,Male,Loyal Customer,44,Eco
89764,Female,Loyal Customer,57,Eco
43746,Male,disloyal Customer,38,Business
108077,Male,Loyal Customer,57,Business
55036,Female,disloyal Customer,31,Eco Plus
43353,Male,disloyal Customer,37,Business
57523,Male,disloyal Customer,38,Eco
68563,Female,Loyal Customer,42,Eco
46529,Male,disloyal Customer,22,Eco
112110,Male,Loyal Customer,56,Business
80770,Female,Loyal Customer,41,Eco
47460,Female,disloyal Customer,33,Business
54556,Female,disloyal Customer,22,Eco
107451,Female,Loyal Customer,53,Business
70728,Male,Loyal Customer,9,Business
111226,Female,Loyal Customer,41,Business
78189,Female,Loyal Customer,22,Eco
116239,Female,Loyal Customer,45,Business
19536,Female,Loyal Customer,58,Eco
65379,Female,Loyal Customer,44,Business
23560,Female,Loyal Customer,17,Eco
124707,Male,Loyal Customer,46,Business
68829,Female,Loyal Customer,36,Eco
127397,Male,Loyal Customer,48,Business
110069,Female,Loyal Customer,53,Business
19940,Female,Loyal Customer,62,Business
15366,Male,Loyal Customer,70,Eco
81654,Female,Loyal Customer,55,Eco Plus
119540,Male,Loyal Customer,46,Business
63748,Female,Loyal Customer,27,Business
32175,Male,Loyal Customer,24,Eco
101132,Male,Loyal Customer,37,Eco Plus
84172,Female,Loyal Customer,60,Eco
59251,Male,disloyal Customer,48,Business
83322,Female,Loyal Customer,38,Eco
127329,Male,Loyal Customer,47,Business
98218,Male,Loyal Customer,40,Business
74573,Male,Loyal Customer,35,Eco Plus
114361,Female,Loyal Customer,48,Business
48493,Male,disloyal Customer,21,Eco
52636,Male,disloyal Customer,62,Business
50784,Female,disloyal Customer,24,Eco
25528,Female,Loyal Customer,69,Eco
56975,Male,disloyal Customer,25,Business
27739,Female,Loyal Customer,19,Eco
82577,Male,Loyal Customer,46,Eco
62919,Male,disloyal Customer,57,Business
23237,Female,Loyal Customer,15,Business
39544,Female,Loyal Customer,64,Eco
46124,Male,disloyal Customer,22,Eco
78316,Male,Loyal Customer,42,Eco
12391,Male,Loyal Customer,40,Eco
123565,Female,Loyal Customer,36,Eco
65698,Female,Loyal Customer,60,Business
95648,Female,Loyal Customer,49,Business
4927,Male,Loyal Customer,37,Eco
88375,Female,Loyal Customer,57,Business
59009,Male,disloyal Customer,24,Eco
112151,Female,Loyal Customer,50,Business
60619,Female,disloyal Customer,21,Business
123678,Male,Loyal Customer,22,Business
107741,Female,Loyal Customer,56,Business
68600,Female,Loyal Customer,74,Business
108334,Male,Loyal Customer,56,Business
119544,Male,Loyal Customer,45,Business
59946,Male,disloyal Customer,22,Business
108617,Male,Loyal Customer,31,Eco Plus
89635,Male,Loyal Customer,48,Business
125120,Male,Loyal Customer,39,Business
74928,Male,Loyal Customer,37,Business
37922,Male,Loyal Customer,61,Eco
94794,Female,Loyal Customer,45,Business
77889,Male,Loyal Customer,36,Business
545,Male,Loyal Customer,68,Eco
24138,Male,Loyal Customer,45,Eco
40918,Male,disloyal Customer,46,Business
17999,Female,Loyal Customer,49,Eco
92967,Female,Loyal Customer,62,Eco
58525,Male,disloyal Customer,37,Business
62941,Male,disloyal Customer,27,Eco
96468,Male,Loyal Customer,50,Business
103490,Male,Loyal Customer,53,Business
85740,Female,Loyal Customer,56,Business
105609,Female,Loyal Customer,56,Business
57930,Female,disloyal Customer,44,Business
56734,Female,disloyal Customer,21,Business
36268,Female,Loyal Customer,27,Eco
118317,Female,Loyal Customer,47,Eco
2582,Female,Loyal Customer,52,Eco
23530,Male,Loyal Customer,31,Eco
43096,Female,disloyal Customer,30,Business
35172,Male,Loyal Customer,25,Eco
20684,Male,Loyal Customer,57,Eco
62143,Female,disloyal Customer,22,Eco
24234,Female,Loyal Customer,25,Eco
93834,Female,Loyal Customer,29,Business
95969,Female,Loyal Customer,35,Eco
124780,Female,Loyal Customer,30,Business
105457,Male,Loyal Customer,45,Business
16275,Male,Loyal Customer,36,Eco Plus
123250,Male,Loyal Customer,43,Business
25157,Male,Loyal Customer,31,Eco Plus
96439,Male,Loyal Customer,56,Business
87629,Male,Loyal Customer,49,Business
36712,Female,Loyal Customer,21,Eco
68173,Female,Loyal Customer,26,Business
51725,Female,disloyal Customer,49,Business
105556,Male,Loyal Customer,40,Eco
112682,Female,Loyal Customer,49,Business
47453,Female,disloyal Customer,33,Eco Plus
114803,Male,Loyal Customer,47,Business
52664,Male,disloyal Customer,52,Business
11579,Female,Loyal Customer,64,Eco
118183,Male,Loyal Customer,53,Business
42599,Female,disloyal Customer,23,Eco
93047,Male,Loyal Customer,47,Business
13578,Female,Loyal Customer,64,Eco
7137,Male,Loyal Customer,39,Eco
50125,Female,disloyal Customer,43,Eco
89978,Female,Loyal Customer,43,Business
53033,Male,disloyal Customer,23,Eco
93160,Female,Loyal Customer,51,Business
86666,Female,Loyal Customer,55,Eco Plus
10366,Female,Loyal Customer,57,Eco
3012,Female,Loyal Customer,49,Eco
113068,Female,Loyal Customer,33,Business
80298,Female,Loyal Customer,55,Eco Plus
6229,Male,Loyal Customer,10,Eco
129174,Female,Loyal Customer,51,Business
118510,Male,Loyal Customer,50,Business
23907,Female,Loyal Customer,17,Business
50934,Male,disloyal Customer,36,Eco
54563,Male,disloyal Customer,22,Eco
80568,Male,Loyal Customer,56,Business
68497,Male,Loyal Customer,25,Business
49767,Female,disloyal Customer,13,Eco
127139,Male,Loyal Customer,37,Business
125242,Male,Loyal Customer,25,Business
68076,Female,Loyal Customer,45,Business
83050,Female,Loyal Customer,42,Business
39447,Male,Loyal Customer,12,Eco
80252,Female,Loyal Customer,57,Business
73491,Male,Loyal Customer,46,Eco
29254,Male,Loyal Customer,27,Eco Plus
14553,Male,Loyal Customer,53,Eco
76297,Male,Loyal Customer,38,Business
118063,Female,Loyal Customer,34,Business
82051,Female,Loyal Customer,51,Eco
99479,Female,Loyal Customer,46,Eco Plus
69229,Male,Loyal Customer,49,Eco
47935,Male,disloyal Customer,59,Eco
111526,Female,Loyal Customer,57,Business
19883,Male,Loyal Customer,22,Eco
21926,Male,Loyal Customer,20,Eco
112241,Male,Loyal Customer,46,Business
68167,Female,Loyal Customer,55,Eco
83048,Female,Loyal Customer,33,Business
104910,Male,Loyal Customer,30,Business
98244,Female,Loyal Customer,45,Business
50182,Female,disloyal Customer,45,Eco
48747,Female,disloyal Customer,35,Eco
66205,Male,Loyal Customer,54,Eco
61518,Female,disloyal Customer,14,Business
122295,Male,Loyal Customer,46,Eco Plus
1497,Female,Loyal Customer,13,Eco Plus
76761,Female,Loyal Customer,39,Eco
8643,Female,Loyal Customer,34,Eco
86799,Male,Loyal Customer,61,Eco
32475,Female,Loyal Customer,16,Eco
57249,Male,disloyal Customer,23,Business
14922,Male,Loyal Customer,43,Eco
34627,Female,Loyal Customer,51,Eco
118801,Female,Loyal Customer,59,Business
80876,Female,Loyal Customer,34,Business
55756,Male,disloyal Customer,33,Eco
10757,Male,Loyal Customer,68,Eco
49254,Female,disloyal Customer,27,Eco
118733,Female,Loyal Customer,43,Eco
10671,Female,Loyal Customer,21,Eco
15911,Female,Loyal Customer,20,Eco Plus
100018,Male,Loyal Customer,32,Business
862,Female,Loyal Customer,67,Eco
39972,Male,Loyal Customer,46,Eco
50191,Male,disloyal Customer,33,Eco
11748,Female,Loyal Customer,20,Eco
104438,Male,Loyal Customer,39,Business
64855,Female,Loyal Customer,46,Business
66424,Female,Loyal Customer,37,Business
100832,Female,Loyal Customer,39,Eco Plus
64447,Female,Loyal Customer,42,Business
27801,Female,Loyal Customer,32,Eco
125585,Male,Loyal Customer,44,Business
86096,Female,Loyal Customer,48,Business
63618,Female,Loyal Customer,48,Business
40469,Male,disloyal Customer,27,Eco
106358,Female,Loyal Customer,43,Business
6275,Male,Loyal Customer,54,Eco
71088,Male,Loyal Customer,41,Business
121238,Female,Loyal Customer,31,Business
47646,Female,disloyal Customer,24,Eco
80917,Female,Loyal Customer,37,Eco
98002,Female,Loyal Customer,49,Business
53469,Female,disloyal Customer,41,Business
34759,Female,Loyal Customer,67,Eco
59218,Female,disloyal Customer,25,Eco
84408,Male,Loyal Customer,55,Eco Plus
111078,Female,Loyal Customer,51,Business
107004,Female,Loyal Customer,35,Business
45847,Female,disloyal Customer,62,Eco Plus
87759,Female,Loyal Customer,31,Business
51236,Male,disloyal Customer,16,Business
53026,Male,disloyal Customer,22,Eco
71881,Male,Loyal Customer,35,Eco
125885,Male,Loyal Customer,34,Business
115277,Male,Loyal Customer,34,Business
124726,Female,Loyal Customer,40,Business
22571,Female,Loyal Customer,47,Eco
3682,Male,Loyal Customer,20,Eco
94972,Female,Loyal Customer,23,Business
98033,Male,Loyal Customer,52,Business
102865,Male,Loyal Customer,33,Business
40306,Male,disloyal Customer,23,Business
14566,Female,Loyal Customer,32,Eco
58629,Female,disloyal Customer,20,Eco
59294,Male,disloyal Customer,44,Business
44458,Female,disloyal Customer,26,Business
79824,Female,Loyal Customer,31,Business
74175,Male,Loyal Customer,49,Business
40690,Female,disloyal Customer,22,Eco
122108,Female,Loyal Customer,42,Business
91264,Male,Loyal Customer,47,Business
16371,Male,Loyal Customer,46,Eco
72342,Female,Loyal Customer,58,Eco
71767,Female,Loyal Customer,59,Business
46085,Female,disloyal Customer,38,Eco
89636,Female,Loyal Customer,22,Business
108795,Male,Loyal Customer,20,Eco
66385,Male,Loyal Customer,51,Business
129742,Male,disloyal Customer,30,Eco
35309,Female,Loyal Customer,38,Eco
25730,Male,Loyal Customer,44,Eco Plus
84078,Male,Loyal Customer,66,Eco
69543,Male,Loyal Customer,48,Business
56648,Female,disloyal Customer,22,Eco
91811,Male,Loyal Customer,39,Eco
31458,Male,Loyal Customer,52,Eco
76293,Female,Loyal Customer,28,Business
45506,Male,disloyal Customer,46,Business
58157,Male,disloyal Customer,24,Business
108078,Female,Loyal Customer,55,Business
123965,Male,Loyal Customer,34,Business
123235,Male,Loyal Customer,50,Business
31508,Male,Loyal Customer,45,Eco
86363,Male,Loyal Customer,29,Business
34435,Female,Loyal Customer,43,Eco Plus
67604,Female,Loyal Customer,47,Business
41341,Female,disloyal Customer,49,Eco
32892,Male,Loyal Customer,55,Eco
109749,Female,Loyal Customer,54,Business
128377,Female,Loyal Customer,47,Business
9167,Male,Loyal Customer,33,Eco
65819,Female,Loyal Customer,66,Eco
107915,Female,Loyal Customer,57,Business
16681,Female,Loyal Customer,60,Eco
22285,Male,Loyal Customer,66,Eco
80999,Female,Loyal Customer,33,Eco
103705,Female,Loyal Customer,51,Eco Plus
21819,Male,Loyal Customer,13,Eco
88312,Male,Loyal Customer,60,Business
61111,Female,disloyal Customer,23,Eco
49227,Male,disloyal Customer,23,Eco
116671,Female,Loyal Customer,52,Business
109431,Male,Loyal Customer,24,Eco Plus
65345,Male,Loyal Customer,57,Business
55577,Male,disloyal Customer,24,Eco
97613,Female,Loyal Customer,57,Eco
108756,Female,Loyal Customer,44,Business
18241,Male,Loyal Customer,14,Business
114623,Male,Loyal Customer,52,Eco Plus
124925,Female,Loyal Customer,49,Business
4614,Female,Loyal Customer,19,Eco
1669,Female,Loyal Customer,14,Eco
127214,Female,Loyal Customer,59,Business
121394,Female,Loyal Customer,52,Eco
60866,Female,disloyal Customer,23,Eco
81752,Male,Loyal Customer,54,Eco
82084,Male,Loyal Customer,55,Business
58249,Male,disloyal Customer,23,Eco
126271,Male,Loyal Customer,42,Business
12245,Male,Loyal Customer,55,Eco
72765,Female,Loyal Customer,53,Eco
82510,Female,Loyal Customer,36,Business
23026,Female,Loyal Customer,17,Eco
63356,Male,disloyal Customer,29,Business
53947,Female,disloyal Customer,25,Eco
31936,Male,Loyal Customer,45,Business
22333,Male,Loyal Customer,21,Eco
121761,Female,Loyal Customer,43,Business
39694,Female,Loyal Customer,18,Eco
29691,Male,Loyal Customer,10,Eco
117978,Female,Loyal Customer,30,Business
125181,Female,Loyal Customer,48,Business
22709,Female,Loyal Customer,23,Eco
43143,Male,disloyal Customer,24,Eco
13860,Female,Loyal Customer,31,Eco
79832,Female,Loyal Customer,58,Business
93974,Male,Loyal Customer,59,Business
9492,Female,Loyal Customer,65,Eco
28586,Male,Loyal Customer,54,Eco
119162,Male,Loyal Customer,60,Business
80308,Female,Loyal Customer,43,Business
3916,Female,Loyal Customer,21,Eco Plus
24963,Female,Loyal Customer,69,Eco
57414,Female,disloyal Customer,21,Business
115120,Female,Loyal Customer,47,Eco
113266,Male,Loyal Customer,49,Business
10664,Male,Loyal Customer,20,Eco
63820,Male,Loyal Customer,53,Business
3560,Male,Loyal Customer,46,Eco
13895,Male,Loyal Customer,21,Business
120595,Female,Loyal Customer,44,Business
76905,Female,Loyal Customer,28,Business
62657,Female,disloyal Customer,23,Business
126887,Female,Loyal Customer,39,Eco
36464,Female,Loyal Customer,16,Eco
99828,Male,Loyal Customer,60,Business
5197,Male,Loyal Customer,27,Eco
115878,Male,Loyal Customer,45,Business
46996,Female,disloyal Customer,23,Eco
38624,Male,Loyal Customer,60,Eco
116666,Male,Loyal Customer,45,Business
70330,Male,Loyal Customer,17,Eco Plus
120860,Male,Loyal Customer,44,Business
95348,Female,Loyal Customer,25,Business
89915,Male,Loyal Customer,44,Business
117721,Male,Loyal Customer,38,Business
60730,Female,disloyal Customer,37,Business
23344,Male,Loyal Customer,57,Eco
78254,Female,Loyal Customer,54,Business
8763,Female,Loyal Customer,66,Business
77160,Female,Loyal Customer,48,Business
84957,Male,Loyal Customer,47,Eco
46733,Female,disloyal Customer,80,Business
26013,Female,Loyal Customer,54,Eco
41702,Male,disloyal Customer,31,Eco
53677,Male,disloyal Customer,25,Eco
112934,Male,Loyal Customer,50,Eco
22642,Female,Loyal Customer,45,Business
44373,Female,disloyal Customer,37,Eco
103534,Male,Loyal Customer,50,Business
48439,Female,disloyal Customer,22,Eco
126668,Male,Loyal Customer,55,Business
12112,Female,Loyal Customer,15,Eco
90188,Male,Loyal Customer,32,Business
47698,Female,disloyal Customer,22,Eco
119661,Male,Loyal Customer,38,Business
28334,Female,Loyal Customer,32,Eco
27323,Male,Loyal Customer,41,Eco Plus
94745,Male,Loyal Customer,45,Eco
16122,Male,Loyal Customer,67,Eco
116866,Female,Loyal Customer,28,Business
35119,Male,Loyal Customer,39,Eco
116149,Male,Loyal Customer,37,Eco Plus
54302,Female,disloyal Customer,62,Eco
23483,Male,Loyal Customer,50,Eco Plus
28944,Male,Loyal Customer,49,Eco
96493,Male,Loyal Customer,54,Business
121647,Female,Loyal Customer,40,Business
62430,Male,disloyal Customer,20,Business
13969,Male,Loyal Customer,7,Eco
116825,Male,Loyal Customer,40,Business
119201,Female,Loyal Customer,39,Eco
69773,Male,Loyal Customer,57,Business
88238,Female,Loyal Customer,40,Business
16202,Male,Loyal Customer,11,Eco
105840,Male,Loyal Customer,46,Business
19875,Female,Loyal Customer,50,Eco
17184,Male,Loyal Customer,20,Eco
54898,Male,disloyal Customer,36,Business
4718,Male,Loyal Customer,52,Eco
52332,Female,disloyal Customer,40,Business
107988,Male,Loyal Customer,19,Business
67962,Female,Loyal Customer,65,Eco
8919,Male,Loyal Customer,32,Eco
114951,Female,Loyal Customer,30,Business
24745,Male,Loyal Customer,8,Business
110417,Female,Loyal Customer,49,Business
77636,Male,Loyal Customer,56,Business
7590,Male,Loyal Customer,24,Eco
58286,Male,disloyal Customer,23,Eco
113706,Male,Loyal Customer,16,Eco Plus
109133,Female,Loyal Customer,44,Business
94316,Female,Loyal Customer,34,Business
35267,Male,Loyal Customer,46,Eco
30890,Male,Loyal Customer,36,Eco Plus
47399,Male,disloyal Customer,23,Eco
4164,Female,Loyal Customer,33,Eco
76847,Male,Loyal Customer,52,Business
108699,Male,Loyal Customer,50,Business
63955,Female,Loyal Customer,61,Business
121502,Male,Loyal Customer,38,Business
59794,Male,disloyal Customer,27,Business
51020,Male,disloyal Customer,21,Eco
17729,Female,Loyal Customer,68,Business
75739,Female,Loyal Customer,22,Business
128827,Female,Loyal Customer,47,Business
126989,Female,Loyal Customer,49,Business
106822,Male,Loyal Customer,58,Business
107083,Male,Loyal Customer,46,Business
41559,Male,disloyal Customer,11,Eco
3773,Female,Loyal Customer,39,Eco
5183,Male,Loyal Customer,58,Eco
115807,Male,Loyal Customer,54,Business
60729,Female,disloyal Customer,37,Business
119550,Male,Loyal Customer,43,Business
126244,Female,Loyal Customer,44,Eco
73179,Male,Loyal Customer,58,Business
16576,Male,Loyal Customer,40,Eco
124476,Male,Loyal Customer,45,Business
112352,Male,Loyal Customer,56,Business
102734,Female,Loyal Customer,46,Business
68592,Male,Loyal Customer,13,Business
84968,Female,Loyal Customer,13,Business
84811,Male,Loyal Customer,55,Business
36204,Male,Loyal Customer,18,Eco
49182,Male,disloyal Customer,37,Eco
29668,Female,Loyal Customer,12,Business
39990,Male,disloyal Customer,25,Eco
68155,Female,Loyal Customer,50,Business
86364,Male,Loyal Customer,44,Business
73668,Female,Loyal Customer,44,Business
40683,Male,disloyal Customer,22,Eco
50031,Male,disloyal Customer,22,Eco
35945,Male,Loyal Customer,65,Eco
56889,Female,disloyal Customer,22,Business
60519,Female,disloyal Customer,26,Business
65604,Male,Loyal Customer,52,Business
23691,Female,Loyal Customer,20,Eco
62572,Female,disloyal Customer,23,Eco
25958,Female,Loyal Customer,37,Eco
27475,Male,Loyal Customer,14,Eco
86231,Female,Loyal Customer,24,Business
30869,Male,Loyal Customer,16,Eco Plus
51295,Male,disloyal Customer,21,Eco
1176,Female,Loyal Customer,50,Business
76095,Female,Loyal Customer,47,Eco
36503,Male,Loyal Customer,23,Eco
102791,Female,Loyal Customer,57,Business
26117,Female,Loyal Customer,19,Eco
52117,Male,disloyal Customer,35,Eco
10637,Male,Loyal Customer,37,Business
26720,Female,Loyal Customer,61,Eco
73878,Female,Loyal Customer,53,Business
86277,Female,Loyal Customer,16,Business
54507,Female,disloyal Customer,20,Eco
100622,Male,Loyal Customer,26,Business
95388,Female,Loyal Customer,56,Business
21612,Female,Loyal Customer,28,Eco
83403,Female,Loyal Customer,37,Eco Plus
27143,Female,Loyal Customer,14,Eco
107704,Female,Loyal Customer,47,Eco
55808,Female,disloyal Customer,20,Eco
21247,Male,Loyal Customer,46,Eco
88062,Male,Loyal Customer,54,Eco
46742,Female,disloyal Customer,66,Business
93243,Female,Loyal Customer,29,Business
74789,Male,Loyal Customer,59,Business
13059,Female,Loyal Customer,14,Eco
120153,Female,Loyal Customer,48,Business
81556,Male,Loyal Customer,55,Business
37640,Female,Loyal Customer,49,Eco
98469,Female,Loyal Customer,39,Business
12188,Male,Loyal Customer,14,Eco
66985,Male,Loyal Customer,22,Business
64057,Male,Loyal Customer,27,Eco Plus
127852,Female,Loyal Customer,48,Business
105559,Male,Loyal Customer,39,Eco Plus
11985,Female,Loyal Customer,36,Eco
35898,Female,Loyal Customer,67,Eco
104343,Female,Loyal Customer,57,Business
69644,Female,Loyal Customer,37,Business
50667,Male,disloyal Customer,21,Eco
23463,Female,Loyal Customer,34,Eco
93005,Male,Loyal Customer,49,Business
28761,Female,Loyal Customer,66,Eco
23204,Female,Loyal Customer,69,Eco
36044,Male,Loyal Customer,50,Eco
22069,Male,Loyal Customer,64,Eco
117547,Female,Loyal Customer,35,Business
68790,Male,Loyal Customer,37,Eco Plus
32282,Female,Loyal Customer,21,Eco
82532,Male,Loyal Customer,54,Business
82126,Female,Loyal Customer,63,Business
57380,Male,disloyal Customer,39,Eco
94692,Female,Loyal Customer,22,Business
129427,Male,Loyal Customer,60,Business
87580,Male,Loyal Customer,48,Business
88803,Male,Loyal Customer,12,Business
9967,Female,Loyal Customer,57,Eco
56229,Female,disloyal Customer,37,Eco
33210,Female,Loyal Customer,64,Eco
47849,Female,disloyal Customer,26,Business
117310,Male,Loyal Customer,27,Business
102053,Male,Loyal Customer,40,Business
24863,Female,Loyal Customer,55,Eco
39008,Female,Loyal Customer,57,Eco
84633,Female,Loyal Customer,54,Business
33493,Male,Loyal Customer,55,Eco
11448,Male,Loyal Customer,51,Business
28528,Male,Loyal Customer,45,Eco
96028,Female,Loyal Customer,34,Eco Plus
22925,Female,Loyal Customer,67,Eco
118291,Male,Loyal Customer,32,Business
123197,Male,Loyal Customer,44,Business
110262,Male,Loyal Customer,57,Eco
88335,Female,Loyal Customer,36,Eco
66429,Female,Loyal Customer,32,Eco Plus
4028,Male,Loyal Customer,50,Business
41868,Male,disloyal Customer,29,Business
73030,Male,Loyal Customer,51,Eco
55025,Male,disloyal Customer,31,Business
96290,Female,Loyal Customer,43,Business
81369,Male,Loyal Customer,25,Business
28937,Male,Loyal Customer,39,Eco
114179,Female,Loyal Customer,38,Business
82575,Female,Loyal Customer,46,Eco
62163,Male,disloyal Customer,22,Business
57914,Female,disloyal Customer,22,Eco
12565,Female,Loyal Customer,17,Eco
58734,Female,disloyal Customer,21,Business
9200,Male,Loyal Customer,16,Eco
39630,Male,Loyal Customer,64,Business
15120,Male,Loyal Customer,28,Business
103874,Female,Loyal Customer,48,Business
81360,Male,Loyal Customer,59,Eco
50239,Female,disloyal Customer,20,Eco
76520,Female,Loyal Customer,25,Business
81838,Male,Loyal Customer,46,Business
124511,Male,Loyal Customer,46,Business
34949,Female,Loyal Customer,67,Eco
11087,Female,Loyal Customer,67,Eco
9720,Female,Loyal Customer,45,Eco
126598,Female,Loyal Customer,42,Business
119910,Female,Loyal Customer,42,Business
33468,Male,Loyal Customer,42,Eco
34160,Female,Loyal Customer,31,Business
58132,Male,disloyal Customer,20,Eco
55375,Female,disloyal Customer,21,Eco
123320,Female,Loyal Customer,48,Business
102214,Male,Loyal Customer,52,Business
64346,Female,Loyal Customer,41,Business
39292,Male,Loyal Customer,48,Eco
60522,Male,disloyal Customer,26,Business
20426,Female,Loyal Customer,15,Eco
91125,Female,Loyal Customer,22,Business
102028,Male,Loyal Customer,30,Business
99291,Female,Loyal Customer,51,Business
42971,Male,disloyal Customer,20,Eco
118963,Female,Loyal Customer,24,Business
77440,Male,Loyal Customer,73,Eco
74809,Female,Loyal Customer,49,Business
73072,Male,Loyal Customer,44,Business
39061,Male,Loyal Customer,59,Eco
41207,Female,disloyal Customer,23,Eco
46194,Female,disloyal Customer,45,Eco
105544,Female,Loyal Customer,52,Business
115709,Female,Loyal Customer,22,Business
35823,Male,Loyal Customer,37,Eco
10679,Male,Loyal Customer,52,Eco
71784,Female,Loyal Customer,48,Business
105271,Male,Loyal Customer,46,Business
15164,Female,Loyal Customer,56,Eco
108075,Female,Loyal Customer,34,Business
52008,Male,disloyal Customer,16,Eco
29826,Male,Loyal Customer,12,Eco
105597,Male,Loyal Customer,51,Business
12120,Female,Loyal Customer,47,Eco
116052,Male,Loyal Customer,59,Business
3034,Male,Loyal Customer,42,Eco
93184,Female,Loyal Customer,58,Business
17846,Female,Loyal Customer,16,Eco
76975,Female,Loyal Customer,36,Eco
20287,Male,Loyal Customer,48,Eco
